#84764d,871-c
#8b734a,872-c
#896e4b,873-c
#8a6f4c,874-c
#8e6d4f,875-c
#95694c,876-c
#8d9092,877-c
#8d8c8a,8001-c
#8d867d,8002-c
#8a7e70,8003-c
#897966,8004-c
#8a745a,8005-c
#897054,8006-c
#978176,8020-c
#9a7a6a,8021-c
#a0715b,8022-c
#a1664c,8023-c
#a75b38,8024-c
#aa552a,8025-c
#918887,8040-c
#99817c,8041-c
#9c7971,8042-c
#a37063,8043-c
#9f634f,8044-c
#a35d44,8045-c
#98828c,8060-c
#9d7b88,8061-c
#a2717f,8062-c
#a76675,8063-c
#a3646a,8064-c
#a05d5d,8065-c
#928294,8080-c
#996a90,8081-c
#9a5d8b,8082-c
#9c4e85,8083-c
#a24178,8084-c
#a13769,8085-c
#907695,8100-c
#8f6992,8101-c
#8f5a8f,8102-c
#8f4c8c,8103-c
#8e3b79,8104-c
#8e336d,8105-c
#8d8298,8120-c
#8a7595,8121-c
#886994,8122-c
#885b94,8123-c
#894e85,8124-c
#87467a,8125-c
#837698,8140-c
#7e6a98,8141-c
#795e99,8142-c
#715096,8143-c
#724f83,8144-c
#704a79,8145-c
#838495,8160-c
#797997,8161-c
#666197,8162-c
#5b5498,8163-c
#584990,8164-c
#523e81,8165-c
#7c8897,8180-c
#5e789c,8181-c
#4e6e9f,8182-c
#3b62a1,8183-c
#315995,8184-c
#2b528c,8185-c
#6d889a,8200-c
#5f839c,8201-c
#4c7e9f,8202-c
#3177a3,8203-c
#3f7590,8204-c
#3d6f85,8205-c
#6f8c9a,8220-c
#5e8a9e,8221-c
#4986a1,8222-c
#2b80a1,8223-c
#117993,8224-c
#007287,8225-c
#819098,8240-c
#628e9c,8241-c
#4c8b9b,8242-c
#2a8a9f,8243-c
#427f86,8244-c
#3f7879,8245-c
#728f98,8260-c
#628b95,8261-c
#4d8893,8262-c
#338490,8263-c
#21797c,8264-c
#1c6d6a,8265-c
#7c9797,8280-c
#709795,8281-c
#609a94,8282-c
#499c93,8283-c
#589382,8284-c
#558e77,8285-c
#80968e,8300-c
#78998b,8301-c
#6a9a82,8302-c
#549372,8303-c
#618c68,8304-c
#5f865d,8305-c
#8a928c,8320-c
#80967a,8321-c
#78986e,8322-c
#69935e,8323-c
#75925b,8324-c
#728c4f,8325-c
#8d957d,8340-c
#8b9570,8341-c
#899762,8342-c
#859952,8343-c
#83913e,8344-c
#828d2e,8345-c
#939478,8360-c
#92926b,8361-c
#98955c,8362-c
#a19b4b,8363-c
#9f9146,8364-c
#a28f3d,8365-c
#919085,8380-c
#969077,8381-c
#9b8e68,8382-c
#9d8958,8383-c
#a48244,8384-c
#a47c39,8385-c
#818182,8400-c
#767575,8401-c
#696866,8402-c
#5c5b59,8403-c
#56504a,8404-c
#524942,8405-c
#918b8d,8420-c
#7d797a,8421-c
#746d6e,8422-c
#696060,8423-c
#625550,8424-c
#5f4f49,8425-c
#9a8387,8440-c
#9e7b7d,8441-c
#a27172,8442-c
#aa6767,8443-c
#ac5b53,8444-c
#ad5345,8445-c
#89838d,8460-c
#857784,8461-c
#7f6a7a,8462-c
#775e6e,8463-c
#74535f,8464-c
#714c56,8465-c
#456580,8480-c
#4c607e,8481-c
#355772,8482-c
#1f486b,8483-c
#255682,8484-c
#2c5d8a,8485-c
#707f7c,8500-c
#5e7d75,8501-c
#4b646b,8502-c
#33414c,8503-c
#374e5f,8504-c
#3c566b,8505-c
#78765d,8520-c
#555849,8521-c
#464f45,8522-c
#35413a,8523-c
#3c4c4a,8524-c
#435555,8525-c
#834c4d,8540-c
#6d4547,8541-c
#633238,8542-c
#603447,8543-c
#643e54,8544-c
#604355,8545-c
#7f5649,8560-c
#794a4a,8561-c
#713f44,8562-c
#70433c,8563-c
#784f4e,8564-c
#785556,8565-c
#936d41,8580-c
#845e3b,8581-c
#7e5633,8582-c
#6e4627,8583-c
#6b4930,8584-c
#76553d,8585-c
#5d5a59,8600-c
#504847,8601-c
#423f44,8602-c
#34343e,8603-c
#393f4e,8604-c
#3f485a,8605-c
#78634d,8620-c
#695644,8621-c
#594839,8622-c
#4e443c,8623-c
#443d36,8624-c
#47423d,8625-c
#9a7c38,8640-c
#a3842c,8641-c
#ac8b1a,8642-c
#ac8700,8643-c
#a68c24,8644-c
#a08e35,8645-c
#8d7535,8660-c
#89791d,8661-c
#857d1e,8662-c
#7e810d,8663-c
#838e2c,8664-c
#83913b,8665-c
#7d7847,8680-c
#787a38,8681-c
#6e7f30,8682-c
#658f31,8683-c
#618a3b,8684-c
#648d49,8685-c
#72754d,8700-c
#6a7b46,8701-c
#5a7f44,8702-c
#438240,8703-c
#498853,8704-c
#4e8a5e,8705-c
#56735a,8720-c
#5d7a5b,8721-c
#46785a,8722-c
#2e8661,8723-c
#379277,8724-c
#3d937e,8725-c
#4d6c63,8740-c
#346e61,8741-c
#356f65,8742-c
#007171,8743-c
#007a82,8744-c
#167f8b,8745-c
#2e6d70,8760-c
#006673,8761-c
#355e68,8762-c
#06576f,8763-c
#1a6280,8764-c
#26698a,8765-c
#463f5f,8780-c
#3c4363,8781-c
#3a3c7b,8782-c
#2a3a6e,8783-c
#2f457c,8784-c
#334e8a,8785-c
#5b395f,8800-c
#553b5f,8801-c
#472d60,8802-c
#4e2b60,8803-c
#543873,8804-c
#58417d,8805-c
#86415c,8820-c
#85335f,8821-c
#6a375c,8822-c
#622a65,8823-c
#663775,8824-c
#6a4182,8825-c
#8b4153,8840-c
#8b3354,8841-c
#8d225b,8842-c
#842263,8843-c
#843072,8844-c
#843d7d,8845-c
#9a5051,8860-c
#93434e,8861-c
#95374b,8862-c
#962742,8863-c
#933554,8864-c
#904061,8865-c
#985459,8880-c
#9d475b,8881-c
#a33b5f,8882-c
#aa3e50,8883-c
#a7495e,8884-c
#a24f65,8885-c
#a45b43,8900-c
#b65b49,8901-c
#b85c5c,8902-c
#bb4f51,8903-c
#b75860,8904-c
#b35f6b,8905-c
#a0664e,8920-c
#b35933,8921-c
#b65317,8922-c
#b74e23,8923-c
#b25637,8924-c
#ac5b43,8925-c
#a16837,8940-c
#ac662d,8941-c
#ae5c1c,8942-c
#c16014,8943-c
#bb6428,8944-c
#b76835,8945-c
#966e32,8960-c
#a26827,8961-c
#b37300,8962-c
#bf6d10,8963-c
#aa6526,8964-c
#a36934,8965-c
