#fedd00,yellow-c
#ffd700,yellow-012-c
#fe5000,orange-021-c
#f9423a,warm-red-c
#ef3340,red-032-c
#ce0058,rubine-red-c
#e10098,rhodamine-red-c
#bb29bb,purple-c
#440099,violet-c
#10069f,blue-072-c
#001489,reflex-blue-c
#0085ca,process-blue-c
#00ab84,green-c
#2d2926,black-c
#f2f0a1,yellow-0131-c
#fcaebb,red-0331-c
#f1b2dc,magenta-0521-c
#bf9bde,violet-0631-c
#74d1ea,blue-0821-c
#9de7d7,green-0921-c
#9e978e,black-0961-c
#009ace,801-c
#44d62c,802-c
#ffe900,803-c
#ffaa4d,804-c
#ff7276,805-c
#ff3eb5,806-c
#ea27c2,807-c
#84754e,871-c
#85714d,872-c
#866d4b,873-c
#8b6f4e,874-c
#87674f,875-c
#8b634b,876-c
#8a8d8f,877-c
#ffd900,medium-yellow-c
#ff5e00,bright-orange-c
#f93822,bright-red-c
#ce0056,strong-red-c
#d62598,pink-c
#4e008e,medium-purple-c
#00239c,dark-blue-c
#0084ca,medium-blue-c
#00b08b,bright-green-c
#222223,neutral-black-c
#f6eb61,100-c
#f7ea48,101-c
#fce300,102-c
#c5a900,103-c
#af9800,104-c
#897a27,105-c
#f5e1a4,7401-c
#ecd898,7402-c
#eed484,7403-c
#f4da40,7404-c
#f2cd00,7405-c
#f1c400,7406-c
#cba052,7407-c
#f9e547,106-c
#fbe122,107-c
#fedb00,108-c
#ffd100,109-c
#daaa00,110-c
#aa8a00,111-c
#9c8412,112-c
#fae053,113-c
#fbdd40,114-c
#fdda24,115-c
#ffcd00,116-c
#c99700,117-c
#ac8400,118-c
#897322,119-c
#f3dd6d,127-c
#f3d54e,128-c
#f3d03e,129-c
#f2a900,130-c
#cc8a00,131-c
#a07400,132-c
#6c571b,133-c
#f8e08e,1205-c
#fbd872,1215-c
#ffc845,1225-c
#ffb81c,1235-c
#c69214,1245-c
#ad841f,1255-c
#886b25,1265-c
#fbdb65,120-c
#fdd757,121-c
#fed141,122-c
#ffc72c,123-c
#eaaa00,124-c
#b58500,125-c
#9a7611,126-c
#ffc600,7548-c
#ffb500,7549-c
#d19000,7550-c
#b47e00,7551-c
#73531d,7552-c
#5a4522,7553-c
#4b3d2a,7554-c
#d29f13,7555-c
#b78b20,7556-c
#9f7d23,7557-c
#967126,7558-c
#8f6a2a,7559-c
#7d622e,7560-c
#6c5d34,7561-c
#fdd26e,134-c
#ffc658,135-c
#ffbf3f,136-c
#ffa300,137-c
#de7c00,138-c
#af6d04,139-c
#74531c,140-c
#fdd086,1345-c
#ffc56e,1355-c
#ffb549,1365-c
#ff9e1b,1375-c
#d57800,1385-c
#996017,1395-c
#6e4c1e,1405-c
#f2c75c,141-c
#f1be48,142-c
#f1b434,143-c
#ed8b00,144-c
#cf7f00,145-c
#a76d11,146-c
#715c2a,147-c
#f6be00,7408-c
#f0b323,7409-c
#fead77,7410-c
#e6a65d,7411-c
#d38235,7412-c
#dc8633,7413-c
#c16c18,7414-c
#bd9b60,7562-c
#d69a2d,7563-c
#db8a06,7564-c
#cd7925,7565-c
#ad6433,7566-c
#89532f,7567-c
#775135,7568-c
#d78825,7569-c
#d3832b,7570-c
#c67d30,7571-c
#b67233,7572-c
#a7662b,7573-c
#9e6a38,7574-c
#835d32,7575-c
#fcc89b,712-c
#fdbe87,713-c
#fdaa63,714-c
#f68d2e,715-c
#ea7600,716-c
#d45d00,717-c
#be4d00,718-c
#fecb8b,148-c
#ffc27b,149-c
#ffb25b,150-c
#ff8200,151-c
#e57200,152-c
#be6a14,153-c
#9b5a1a,154-c
#efd19f,155-c
#efbe7d,156-c
#eca154,157-c
#e87722,158-c
#cb6015,159-c
#a1561c,160-c
#603d20,161-c
#ffae62,1485-c
#ff8f1c,1495-c
#ff6900,1505-c
#b94700,1525-c
#94450b,1535-c
#653819,1545-c
#ffb990,1555-c
#ffa06a,1565-c
#ff7f32,1575-c
#ff6a13,1585-c
#d86018,1595-c
#a65523,1605-c
#8b4720,1615-c
#ffbe9f,162-c
#ff9d6e,163-c
#ff7f41,164-c
#ff671f,165-c
#e35205,166-c
#be531c,167-c
#73381d,168-c
#db864e,7576-c
#e07e3c,7577-c
#dc6b2f,7578-c
#dc582a,7579-c
#c05131,7580-c
#864a33,7581-c
#674736,7582-c
#ffa38b,1625-c
#ff8d6d,1635-c
#ff6a39,1645-c
#fc4c02,1655-c
#dc4405,1665-c
#a9431e,1675-c
#833921,1685-c
#ffb3ab,169-c
#ff8674,170-c
#ff5c39,171-c
#fa4616,172-c
#cf4520,173-c
#963821,174-c
#6b3529,175-c
#c4622d,7583-c
#ba5826,7584-c
#af5c37,7585-c
#9e5330,7586-c
#924c2e,7587-c
#7b4d35,7588-c
#5c4738,7589-c
#d4b59e,7590-c
#c07d59,7591-c
#b15533,7592-c
#9d432c,7593-c
#7c3a2d,7594-c
#6b3d2e,7595-c
#5c3d31,7596-c
#d14124,7597-c
#bd472a,7598-c
#b33d26,7599-c
#8d3f2b,7600-c
#83412c,7601-c
#7b4931,7602-c
#674230,7603-c
#e4d5d3,7604-c
#e1bbb4,7605-c
#d6938a,7606-c
#c26e60,7607-c
#a4493d,7608-c
#823b34,7609-c
#683431,7610-c
#ddbcb0,7611-c
#ca9a8e,7612-c
#bc8a7e,7613-c
#a37f74,7614-c
#866761,7615-c
#6b4c4c,7616-c
#583d3e,7617-c
#eabeb0,7520-c
#c09c83,7521-c
#b46a55,7522-c
#ab5c57,7523-c
#a45248,7524-c
#9a6a4f,7525-c
#8a391b,7526-c
#ecc3b2,489-c
#ecbaa8,488-c
#eaa794,487-c
#e8927c,486-c
#da291c,485-c
#9a3324,484-c
#653024,483-c
#ffb1bb,176-c
#ff808b,177-c
#ff585d,178-c
#e03c31,179-c
#be3a34,180-c
#81312f,181-c
#ffa3b5,1765-c
#ff8da1,1775-c
#f8485e,1785-c
#ee2737,1788-c
#d22630,1795-c
#af272f,1805-c
#7c2529,1815-c
#fcafc0,1767-c
#fb637e,1777-c
#f4364c,1787-c
#cb333b,1797-c
#a4343a,1807-c
#643335,1817-c
#c66e4e,7618-c
#c04c36,7619-c
#b7312c,7620-c
#ab2328,7621-c
#93272c,7622-c
#8a2a2b,7623-c
#802f2d,7624-c
#e1523d,7625-c
#c63527,7626-c
#a72b2a,7627-c
#9e2a2b,7628-c
#6d3332,7629-c
#633231,7630-c
#572d2d,7631-c
#e6baa8,7415-c
#e56a54,7416-c
#e04e39,7417-c
#cd545b,7418-c
#b04a5a,7419-c
#9b2242,7420-c
#651d32,7421-c
#fabbcb,182-c
#fc9bb3,183-c
#f65275,184-c
#e4002b,185-c
#c8102e,186-c
#a6192e,187-c
#76232f,188-c
#ecc7cd,196-c
#e89cae,197-c
#df4661,198-c
#d50032,199-c
#ba0c2f,200-c
#9d2235,201-c
#862633,202-c
#f8a3bc,189-c
#f67599,190-c
#ef426f,191-c
#e40046,192-c
#bf0d3e,193-c
#9b2743,194-c
#782f40,195-c
#f5b6cd,1895-c
#f59bbb,1905-c
#ef4a81,1915-c
#e0004d,1925-c
#c5003e,1935-c
#a6093d,1945-c
#8a1538,1955-c
#f5dadf,705-c
#f7ced7,706-c
#f9b5c4,707-c
#f890a5,708-c
#ef6079,709-c
#e03e52,710-c
#cb2c30,711-c
#f2d4d7,698-c
#f4c3cc,699-c
#f2acb9,700-c
#e68699,701-c
#d25b73,702-c
#b83a4b,703-c
#9e2a2f,704-c
#ecb3cb,203-c
#e782a9,204-c
#e0457b,205-c
#ce0037,206-c
#a50034,207-c
#861f41,208-c
#6f263d,209-c
#f99fc9,210-c
#f57eb6,211-c
#f04e98,212-c
#e31c79,213-c
#ce0f69,214-c
#ac145a,215-c
#7d2248,216-c
#f4cdd4,7422-c
#e06287,7423-c
#e24585,7424-c
#b52555,7425-c
#a4123f,7426-c
#971b2f,7427-c
#6a2c3e,7428-c
#d6c9ca,7632-c
#c4a4a7,7633-c
#c16784,7634-c
#c63663,7635-c
#bc204b,7636-c
#912f46,7637-c
#7e2d40,7638-c
#eabedb,217-c
#e56db1,218-c
#da1884,219-c
#a50050,220-c
#910048,221-c
#6c1d45,222-c
#936d73,7639-c
#934054,7640-c
#8e2c48,7641-c
#732e4a,7642-c
#672e45,7643-c
#582d40,7644-c
#502b3a,7645-c
#ef95cf,223-c
#eb6fbd,224-c
#df1995,225-c
#d0006f,226-c
#aa0061,227-c
#890c58,228-c
#672146,229-c
#f4a6d7,230-c
#f277c6,231-c
#e93cac,232-c
#c6007e,233-c
#a20067,234-c
#840b55,235-c
#ead3e2,670-c
#e6bcd8,671-c
#dfa0c9,672-c
#d986ba,673-c
#c6579a,674-c
#ae2573,675-c
#960051,676-c
#e5cedb,677-c
#e3c8d8,678-c
#debed2,679-c
#c996b6,680-c
#b06c96,681-c
#994878,682-c
#7c2855,683-c
#e4c6d4,684-c
#dcb6c9,685-c
#d0a1ba,686-c
#be84a3,687-c
#a76389,688-c
#893b67,689-c
#612141,690-c
#ebbecb,510-c
#e8b3c3,509-c
#e4a9bb,508-c
#d592aa,507-c
#84344e,506-c
#6f2c3f,505-c
#572932,504-c
#e2bccb,7429-c
#dca9bf,7430-c
#c9809e,7431-c
#b55c80,7432-c
#a73a64,7433-c
#9b3259,7434-c
#872651,7435-c
#e9cdd0,691-c
#e4bec3,692-c
#d7a3ab,693-c
#c48490,694-c
#b46b7a,695-c
#984856,696-c
#893c47,697-c
#f2c6cf,496-c
#f1bdc8,495-c
#e9a2b2,494-c
#dc8699,493-c
#8f3237,492-c
#7f3035,491-c
#5d2a2c,490-c
#e9c4c7,503-c
#e5bac1,502-c
#daa5ad,501-c
#c6858f,500-c
#7a3e3a,499-c
#6a3735,498-c
#512f2e,497-c
#dfc2c3,5035-c
#dbb7bb,5025-c
#cca1a6,5015-c
#b07c83,5005-c
#9c6169,4995-c
#874b52,4985-c
#3f2021,4975-c
#f1a7dc,236-c
#ec86d0,237-c
#e45dbf,238-c
#db3eb1,239-c
#c5299b,240-c
#af1685,241-c
#80225f,242-c
#efbae1,2365-c
#e277cd,2375-c
#d539b5,2385-c
#c800a1,2395-c
#b0008e,2405-c
#9e007e,2415-c
#830065,2425-c
#eab8e4,243-c
#e59bdc,244-c
#dd7fd3,245-c
#c724b1,246-c
#bb16a3,247-c
#a51890,248-c
#80276c,249-c
#a56e87,7646-c
#a83d72,7647-c
#991e66,7648-c
#8a1b61,7649-c
#722257,7650-c
#6a2a5b,7651-c
#5e2751,7652-c
#e7bae4,250-c
#dd9cdf,251-c
#c964cf,252-c
#ad1aac,253-c
#981d97,254-c
#72246c,255-c
#ebc6df,517-c
#e6bedd,516-c
#e2acd7,515-c
#d48bc8,514-c
#93328e,513-c
#833177,512-c
#612c51,511-c
#eedaea,7436-c
#ccaed0,7437-c
#d59ed7,7438-c
#b288b9,7439-c
#a277a6,7440-c
#9f5cc0,7441-c
#963cbd,7442-c
#d7a9e3,2562-c
#c98bdb,2572-c
#ac4fc6,2582-c
#9b26b6,2592-c
#87189d,2602-c
#772583,2612-c
#653165,2622-c
#948794,7653-c
#a2789c,7654-c
#a15a95,7655-c
#8e3a80,7656-c
#6e2b62,7657-c
#6a3460,7658-c
#5d3754,7659-c
#d5c2d8,524-c
#c9b1d0,523-c
#ba9cc5,522-c
#a57fb2,521-c
#642f6c,520-c
#59315f,519-c
#4b3048,518-c
#dbcdd3,5245-c
#d0bec7,5235-c
#c6b0bc,5225-c
#af95a6,5215-c
#86647a,5205-c
#66435a,5195-c
#4a3041,5185-c
#d8c8d1,5175-c
#d3c0cd,5165-c
#bfa5b8,5155-c
#9b7793,5145-c
#7e5475,5135-c
#693c5e,5125-c
#512a44,5115-c
#dfc8e7,531-c
#d7b9e4,530-c
#caa2dd,529-c
#b580d1,528-c
#8031a7,527-c
#702f8a,526-c
#572c5f,525-c
#d6bfdd,256-c
#c6a1cf,257-c
#8c4799,258-c
#6d2077,259-c
#642667,260-c
#5d285f,261-c
#51284f,262-c
#cba3d8,2563-c
#b884cb,2573-c
#a05eb5,2583-c
#84329b,2593-c
#702082,2603-c
#671e75,2613-c
#5f2167,2623-c
#9991a4,7660-c
#8d6e97,7661-c
#7a4183,7662-c
#6b3077,7663-c
#653279,7664-c
#5e366e,7665-c
#5c4e63,7666-c
#c1a0da,2567-c
#a77bca,2577-c
#8246af,2587-c
#5c068c,2597-c
#500778,2607-c
#470a68,2617-c
#3c1053,2627-c
#d7c6e6,263-c
#c1a7e2,264-c
#9063cd,265-c
#753bbd,266-c
#5f259f,267-c
#582c83,268-c
#512d6d,269-c
#c5b4e3,2635-c
#ad96dc,2645-c
#9678d3,2655-c
#7d55c7,2665-c
#330072,2685-c
#2e1a47,2695-c
#b4b5df,270-c
#9595d2,271-c
#7474c1,272-c
#24135f,273-c
#211551,274-c
#201747,275-c
#221c35,276-c
#a7a4e0,2705-c
#8b84d7,2715-c
#685bc7,2725-c
#2e008b,2735-c
#280071,2745-c
#250e62,2755-c
#201547,2765-c
#6e7ca0,7667-c
#686e9f,7668-c
#615e9b,7669-c
#565294,7670-c
#514689,7671-c
#4c4184,7672-c
#535486,7673-c
#dddae8,7443-c
#b6b8dc,7444-c
#a7a2c3,7445-c
#8986ca,7446-c
#5d4777,7447-c
#4b384c,7448-c
#41273b,7449-c
#878cb4,7674-c
#7c7fab,7675-c
#7566a0,7676-c
#6f5091,7677-c
#68478d,7678-c
#563d82,7679-c
#523178,7680-c
#e5e1e6,663-c
#e0dbe3,664-c
#c6bcd0,665-c
#a192b2,666-c
#7c6992,667-c
#614b79,668-c
#3f2a56,669-c
#d8d7df,5315-c
#c6c4d2,5305-c
#b3b0c4,5295-c
#8d89a5,5285-c
#595478,5275-c
#403a60,5265-c
#1e1a34,5255-c
#c5cfda,538-c
#bbc7d6,537-c
#a2b2c8,536-c
#8e9fbc,535-c
#1b365d,534-c
#1f2a44,533-c
#1c1f2a,532-c
#d9e1e2,7541-c
#a4bcc2,7542-c
#98a4ae,7543-c
#768692,7544-c
#425563,7545-c
#253746,7546-c
#131e29,7547-c
#b9d3dc,552-c
#a3c7d2,551-c
#8db9ca,550-c
#6ba4b8,549-c
#003d4c,548-c
#00313c,547-c
#072b31,546-c
#bfced6,5455-c
#b7c9d3,5445-c
#a6bbc8,5435-c
#7a99ac,5425-c
#5b7f95,5415-c
#4f758b,5405-c
#081f2c,5395-c
#d1dde6,642-c
#c6d6e3,643-c
#9bb8d3,644-c
#7da1c4,645-c
#5e8ab4,646-c
#236192,647-c
#002e5d,648-c
#dbe2e9,649-c
#ced9e5,650-c
#a7bcd6,651-c
#7d9bc1,652-c
#326295,653-c
#003a70,654-c
#002554,655-c
#dde5ed,656-c
#c8d8eb,657-c
#b1c9e8,658-c
#7ba4db,659-c
#407ec9,660-c
#003594,661-c
#001a70,662-c
#bdc5db,7450-c
#89abe3,7451-c
#8094dd,7452-c
#7ba6de,7453-c
#5f8fb4,7454-c
#3a5dae,7455-c
#606eb2,7456-c
#cbd3eb,2706-c
#9faee5,2716-c
#485cc7,2726-c
#1e22aa,2736-c
#171c8f,2746-c
#151f6d,2756-c
#141b4d,2766-c
#b8ccea,2708-c
#5c88da,2718-c
#0047bb,2728-c
#06038d,2738-c
#001871,2748-c
#001e62,2758-c
#071d49,2768-c
#c3d7ee,2707-c
#a7c6ed,2717-c
#307fe2,2727-c
#001a72,2747-c
#001e60,2757-c
#13294b,2767-c
#abcae9,277-c
#8bb8e8,278-c
#418fde,279-c
#012169,280-c
#00205b,281-c
#041e42,282-c
#92c1e9,283-c
#6cace4,284-c
#0072ce,285-c
#0033a0,286-c
#003087,287-c
#002d72,288-c
#0c2340,289-c
#94a9cb,7681-c
#6787b7,7682-c
#426da9,7683-c
#385e9d,7684-c
#2c5697,7685-c
#1d4f91,7686-c
#1d428a,7687-c
#c6dae7,545-c
#bdd6e6,544-c
#a4c8e1,543-c
#7bafd4,542-c
#003c71,541-c
#003057,540-c
#00263a,539-c
#b9d9eb,290-c
#9bcbeb,291-c
#69b3e7,292-c
#003da5,293-c
#002f6c,294-c
#002855,295-c
#041c2c,296-c
#8dc8e8,2905-c
#62b5e5,2915-c
#009cde,2925-c
#0057b8,2935-c
#004c97,2945-c
#003865,2955-c
#00263e,2965-c
#71c5e8,297-c
#41b6e6,298-c
#00a3e0,299-c
#005eb8,300-c
#004b87,301-c
#003b5c,302-c
#002a3a,303-c
#4698cb,7688-c
#298fc2,7689-c
#0076a8,7690-c
#006298,7691-c
#005587,7692-c
#004976,7693-c
#01426a,7694-c
#99d6ea,2975-c
#5bc2e7,2985-c
#00a9e0,2995-c
#0077c8,3005-c
#00629b,3015-c
#004f71,3025-c
#003e51,3035-c
#7ba7bc,7695-c
#6399ae,7696-c
#4e87a0,7697-c
#41748d,7698-c
#34657f,7699-c
#165c7d,7700-c
#005776,7701-c
#bbdde6,7457-c
#71b2c9,7458-c
#4298b5,7459-c
#0086bf,7460-c
#007dba,7461-c
#00558c,7462-c
#002b49,7463-c
#9adbe8,304-c
#59cbe8,305-c
#00b5e2,306-c
#006ba6,307-c
#00587c,308-c
#003b49,309-c
#a4dbe8,635-c
#8bd3e6,636-c
#4ec3e0,637-c
#00afd7,638-c
#0095c8,639-c
#0082ba,640-c
#0067a0,641-c
#48a9c5,7702-c
#009cbd,7703-c
#0085ad,7704-c
#007096,7705-c
#006a8e,7706-c
#00617f,7707-c
#005670,7708-c
#b8dde1,628-c
#9bd3dd,629-c
#77c5d5,630-c
#3eb1c8,631-c
#0093b2,632-c
#007396,633-c
#005f83,634-c
#6ad1e3,310-c
#05c3de,311-c
#00a9ce,312-c
#0092bc,313-c
#007fa3,314-c
#00677f,315-c
#004851,316-c
#68d2df,3105-c
#00c1d5,3115-c
#00aec7,3125-c
#008eaa,3135-c
#00778b,3145-c
#006272,3155-c
#004f59,3165-c
#63b1bc,7709-c
#00a7b5,7710-c
#0097a9,7711-c
#00859b,7712-c
#007d8a,7713-c
#007680,7714-c
#006269,7715-c
#b1e4e3,317-c
#88dbdf,318-c
#2dccd3,319-c
#009ca6,320-c
#008c95,321-c
#007377,322-c
#005f61,323-c
#a0d1ca,7464-c
#40c1ac,7465-c
#00b0b9,7466-c
#00a3ad,7467-c
#007398,7468-c
#005f86,7469-c
#005a70,7470-c
#7eddd3,7471-c
#5cb8b2,7472-c
#279989,7473-c
#007681,7474-c
#487a7b,7475-c
#0d5257,7476-c
#244c5a,7477-c
#b6cfd0,5523-c
#abc7ca,5513-c
#94b7bb,5503-c
#7fa9ae,5493-c
#4f868e,5483-c
#115e67,5473-c
#07272d,5463-c
#00968f,7716-c
#00857d,7717-c
#007672,7718-c
#006d68,7719-c
#00635b,7720-c
#005e5d,7721-c
#005151,7722-c
#9cdbd9,324-c
#64ccc9,325-c
#00b2a9,326-c
#008675,327-c
#007367,328-c
#00685e,329-c
#00534c,330-c
#71dbd4,3242-c
#2ad2c9,3252-c
#00bfb3,3262-c
#00a499,3272-c
#008578,3282-c
#00594f,3292-c
#004c45,3302-c
#7ce0d3,3245-c
#2cd5c4,3255-c
#00c7b1,3265-c
#00b398,3275-c
#009681,3285-c
#007864,3295-c
#004e42,3305-c
#6dcdb8,3248-c
#49c5b1,3258-c
#00ab8e,3268-c
#009b77,3278-c
#008264,3288-c
#006a52,3298-c
#034638,3308-c
#b9dcd2,566-c
#a1d6ca,565-c
#86c8bc,564-c
#6bbbae,563-c
#006f62,562-c
#00594c,561-c
#1d3c34,560-c
#b5e3d8,573-c
#a5dfd3,572-c
#98dbce,571-c
#6bcaba,570-c
#00816d,569-c
#006c5b,568-c
#173f35,567-c
#adcab8,559-c
#9abeaa,558-c
#85b09a,557-c
#6fa287,556-c
#28724f,555-c
#205c40,554-c
#284734,553-c
#bfcec2,5595-c
#a7bdb1,5585-c
#92aca0,5575-c
#7f9c90,5565-c
#5c7f71,5555-c
#43695b,5545-c
#183028,5535-c
#bac5b9,5665-c
#b0bdb0,5655-c
#a3b2a4,5645-c
#94a596,5635-c
#708573,5625-c
#5e7461,5615-c
#22372b,5605-c
#bcc9c5,5527-c
#b1c0bc,5517-c
#9db0ac,5507-c
#829995,5497-c
#5d7975,5487-c
#3e5d58,5477-c
#18332f,5467-c
#d1e0d7,621-c
#b7cdc2,622-c
#9ab9ad,623-c
#789f90,624-c
#507f70,625-c
#285c4d,626-c
#13322b,627-c
#a7e6d7,331-c
#8ce2d0,332-c
#3cdbc0,333-c
#009775,334-c
#007b5f,335-c
#00664f,336-c
#8fd6bd,337-c
#6eceb2,338-c
#00b388,339-c
#00965e,340-c
#007a53,341-c
#006747,342-c
#115740,343-c
#50a684,7723-c
#00966c,7724-c
#008755,7725-c
#007b4b,7726-c
#006f44,7727-c
#006845,7728-c
#005844,7729-c
#7ae1bf,3375-c
#47d7ac,3385-c
#00c389,3395-c
#00af66,3405-c
#007749,3415-c
#006341,3425-c
#154734,3435-c
#a0dab3,344-c
#91d6ac,345-c
#71cc98,346-c
#009a44,347-c
#00843d,348-c
#046a38,349-c
#2c5234,350-c
#a2e4b8,351-c
#8fe2b0,352-c
#80e0a7,353-c
#00b140,354-c
#009639,355-c
#007a33,356-c
#215732,357-c
#9be3bf,7478-c
#26d07c,7479-c
#00bf6f,7480-c
#00b74f,7481-c
#009f4d,7482-c
#275d38,7483-c
#00573f,7484-c
#4b9560,7730-c
#228848,7731-c
#007a3e,7732-c
#007041,7733-c
#286140,7734-c
#36573b,7735-c
#395542,7736-c
#6ba539,7737-c
#48a23f,7738-c
#319b42,7739-c
#3a913f,7740-c
#44883e,7741-c
#4a773c,7742-c
#44693d,7743-c
#addc91,358-c
#a1d884,359-c
#6cc24a,360-c
#43b02a,361-c
#509e2f,362-c
#4c8c2b,363-c
#4a7729,364-c
#d0debb,7485-c
#bce194,7486-c
#8edd65,7487-c
#78d64b,7488-c
#74aa50,7489-c
#719949,7490-c
#79863c,7491-c
#c2e189,365-c
#b7dd79,366-c
#a4d65e,367-c
#78be20,368-c
#64a70b,369-c
#658d1b,370-c
#546223,371-c
#d4eb8e,372-c
#cdea80,373-c
#c5e86c,374-c
#97d700,375-c
#84bd00,376-c
#7a9a01,377-c
#59621d,378-c
#c4d6a4,580-c
#bcd19b,579-c
#b7ce95,578-c
#a9c47f,577-c
#789d4a,576-c
#67823a,575-c
#4e5b31,574-c
#d0d1ab,5807-c
#c6c89b,5797-c
#babd8b,5787-c
#a2a569,5777-c
#8a8d4a,5767-c
#6d712e,5757-c
#3d441e,5747-c
#d2ce9e,5875-c
#cbc793,5865-c
#c0bb87,5855-c
#afa96e,5845-c
#a09958,5835-c
#89813d,5825-c
#555025,5815-c
#c3c6a8,5803-c
#b3b995,5793-c
#a3aa83,5783-c
#899064,5773-c
#737b4c,5763-c
#5e6738,5753-c
#3e4827,5743-c
#bfcc80,7492-c
#bbc592,7493-c
#9caf88,7494-c
#8f993e,7495-c
#76881d,7496-c
#7a7256,7497-c
#5b6236,7498-c
#babc16,7744-c
#abad23,7745-c
#999b30,7746-c
#888d30,7747-c
#7c8034,7748-c
#727337,7749-c
#656635,7750-c
#e2e868,379-c
#dbe442,380-c
#cedc00,381-c
#c4d600,382-c
#a8ad00,383-c
#949300,384-c
#787121,385-c
#e9ec6b,386-c
#e3e935,387-c
#e0e721,388-c
#d0df00,389-c
#b5bd00,390-c
#9a9500,391-c
#827a04,392-c
#e3e48d,587-c
#e0e27c,586-c
#dbde70,585-c
#d2d755,584-c
#b7bf10,583-c
#8e8c13,582-c
#625d20,581-c
#f0ec74,393-c
#ede939,394-c
#ece81a,395-c
#e1e000,396-c
#bfb800,397-c
#ada400,398-c
#a09200,399-c
#f3ea5d,3935-c
#f3e500,3945-c
#efdf00,3955-c
#eedc00,3965-c
#bba600,3975-c
#9a8700,3985-c
#685c20,3995-c
#f1eb9c,600-c
#f0e991,601-c
#f0e87b,602-c
#ede04b,603-c
#eada24,604-c
#e1cd00,605-c
#cfb500,606-c
#ebe49a,607-c
#e9e186,608-c
#e6de77,609-c
#e1d555,610-c
#d7c826,611-c
#c4b000,612-c
#b39b00,613-c
#e9df97,461-c
#e4d77e,460-c
#decd63,459-c
#d9c756,458-c
#b89d18,457-c
#a28e2a,456-c
#695b24,455-c
#dcd59a,614-c
#d6cf8d,615-c
#d0c883,616-c
#c0b561,617-c
#ac9f3c,618-c
#9f912a,619-c
#8a7b19,620-c
#cab64b,7751-c
#cfb023,7752-c
#c1a01e,7753-c
#a08629,7754-c
#897630,7755-c
#736635,7756-c
#675e33,7757-c
#d4c304,7758-c
#c4b200,7759-c
#91852c,7760-c
#747136,7761-c
#5d6439,7762-c
#585c3b,7763-c
#535435,7764-c
#bbb323,7765-c
#b4a91f,7766-c
#aa9d2e,7767-c
#8f7e35,7768-c
#716135,7769-c
#635939,7770-c
#4e4934,7771-c
#d5cb9f,4545-c
#cfc493,4535-c
#c5b783,4525-c
#b3a369,4515-c
#998542,4505-c
#8c7732,4495-c
#614f25,4485-c
#cac7a7,454-c
#bfbb98,453-c
#b0aa7e,452-c
#9b945f,451-c
#594a25,450-c
#524727,449-c
#4a412a,448-c
#f1e6b2,7499-c
#dfd1a7,7500-c
#d9c89e,7501-c
#ceb888,7502-c
#a89968,7503-c
#94795d,7504-c
#816040,7505-c
#ddcba4,468-c
#d3bc8d,467-c
#c6aa76,466-c
#b9975b,465-c
#8b5b29,464-c
#744f28,463-c
#5c462b,462-c
#efdbb2,7506-c
#fcd299,7507-c
#e1b87f,7508-c
#d6a461,7509-c
#c6893f,7510-c
#b77729,7511-c
#a6631b,7512-c
#edc8a3,719-c
#e7b78a,720-c
#dda46f,721-c
#c88242,722-c
#b36924,723-c
#934d11,724-c
#7d3f16,725-c
#f3cfb3,475-c
#f1c6a7,474-c
#f0bf9b,473-c
#e59e6d,472-c
#b86125,471-c
#a45a2a,470-c
#693f23,469-c
#e0c09f,726-c
#d9b48f,727-c
#cda077,728-c
#b58150,729-c
#9e652e,730-c
#774212,731-c
#623412,732-c
#e0c6ad,4685-c
#dcbfa6,4675-c
#cda788,4665-c
#bf9474,4655-c
#ad7c59,4645-c
#946037,4635-c
#4f2c1d,4625-c
#e1b7a7,7513-c
#d5a286,7514-c
#c58b68,7515-c
#99552b,7516-c
#85431e,7517-c
#6d4f47,7518-c
#5e4b3c,7519-c
#d7c4b7,4755-c
#cdb5a7,4745-c
#c0a392,4735-c
#ae8a79,4725-c
#956c58,4715-c
#7c4d3a,4705-c
#5b3427,4695-c
#dbc8b6,482-c
#d3bba8,481-c
#c6a992,480-c
#aa8066,479-c
#703f2a,478-c
#623b2a,477-c
#4e3629,476-c
#d6d2c4,7527-c
#c5b9ac,7528-c
#b7a99a,7529-c
#a39382,7530-c
#7a6855,7531-c
#63513d,7532-c
#473729,7533-c
#d1ccbd,7534-c
#b7b09c,7535-c
#a69f88,7536-c
#a7aca2,7537-c
#949a90,7538-c
#8e9089,7539-c
#4b4f54,7540-c
#d0d3d4,427-c
#c1c6c8,428-c
#a2aaad,429-c
#7c878e,430-c
#5b6770,431-c
#333f48,432-c
#1d252d,433-c
#c7c9c7,420-c
#b2b4b2,421-c
#9ea2a2,422-c
#898d8d,423-c
#707372,424-c
#54585a,425-c
#25282a,426-c
#bec6c4,441-c
#a2acab,442-c
#919d9d,443-c
#717c7d,444-c
#505759,445-c
#3f4444,446-c
#373a36,447-c
#babbb1,413-c
#a8a99e,414-c
#919388,415-c
#7e7f74,416-c
#65665c,417-c
#51534a,418-c
#212322,419-c
#c4bfb6,400-c
#afa9a0,401-c
#9d968d,402-c
#8c857b,403-c
#776e64,404-c
#696158,405-c
#c4bcb7,406-c
#b2a8a2,407-c
#978c87,408-c
#857874,409-c
#746661,410-c
#5e514d,411-c
#382f2d,412-c
#d0c4c5,434-c
#c1b2b6,435-c
#ab989d,436-c
#7b6469,437-c
#584446,438-c
#453536,439-c
#382e2c,440-c
#d7d2cb,warm-gray-1-c
#cbc4bc,warm-gray-2-c
#bfb8af,warm-gray-3-c
#b6ada5,warm-gray-4-c
#aca39a,warm-gray-5-c
#a59c94,warm-gray-6-c
#968c83,warm-gray-7-c
#8c8279,warm-gray-8-c
#83786f,warm-gray-9-c
#796e65,warm-gray-10-c
#6e6259,warm-gray-11-c
#d9d9d6,cool-gray-1-c
#d0d0ce,cool-gray-2-c
#c8c9c7,cool-gray-3-c
#bbbcbc,cool-gray-4-c
#b1b3b3,cool-gray-5-c
#a7a8aa,cool-gray-6-c
#97999b,cool-gray-7-c
#888b8d,cool-gray-8-c
#75787b,cool-gray-9-c
#63666a,cool-gray-10-c
#53565a,cool-gray-11-c
#332f21,black-2-c
#212721,black-3-c
#31261d,black-4-c
#3e2b2e,black-5-c
#101820,black-6-c
#3d3935,black-7-c