#ffe800,yellow-u
#ffe000,yellow-012-u
#ff6c2f,orange-021-u
#ff665e,warm-red-u
#f65058,red-032-u
#db487e,rubine-red-u
#e44c9a,rhodamine-red-u
#bf53b6,purple-u
#7758b3,violet-u
#3f43ad,blue-072-u
#39499c,reflex-blue-u
#0083c3,process-blue-u
#00ac8c,green-u
#615d59,black-u
#fbf59b,yellow-0131-u
#ffb1be,red-0331-u
#f8aadd,magenta-0521-u
#ba93df,violet-0631-u
#6cd1ef,blue-0821-u
#78e6d0,green-0921-u
#9d9994,black-0961-u
#009ccd,801-u
#3bd23d,802-u
#ffe916,803-u
#ffaa52,804-u
#ff7477,805-u
#ff48b0,806-u
#e838bf,807-u
#ad986e,871-u
#ac936e,872-u
#ae906f,873-u
#ae8f6f,874-u
#b18b74,875-u
#b08770,876-u
#b4b7b9,877-u
#ffe100,medium-yellow-u
#ff7133,bright-orange-u
#fe5442,bright-red-u
#d23b6a,strong-red-u
#d1428d,pink-u
#65428a,medium-purple-u
#444795,dark-blue-u
#0087c7,medium-blue-u
#00ae8f,bright-green-u
#4c4845,neutral-black-u
#fef380,100-u
#fff166,101-u
#ffec2d,102-u
#b49f29,103-u
#9b8d39,104-u
#7d7547,105-u
#fee5a5,7401-u
#f3da9a,7402-u
#f4cf81,7403-u
#fdcf41,7404-u
#e6b10e,7405-u
#f1b828,7406-u
#cca36e,7407-u
#ffeb68,106-u
#ffe552,107-u
#ffdd35,108-u
#ffc700,109-u
#cc9f26,110-u
#9c873b,111-u
#8a7a3e,112-u
#ffe15e,113-u
#ffd94a,114-u
#ffce2e,115-u
#ffb511,116-u
#b78c30,117-u
#9e8139,118-u
#847748,119-u
#fce385,127-u
#fccf61,128-u
#faaf3f,129-u
#f79b2e,130-u
#ba8032,131-u
#977a3c,132-u
#7c7047,133-u
#ffe495,1205-u
#ffda7e,1215-u
#ffbb4f,1225-u
#ffae3b,1235-u
#bb8b41,1245-u
#a08246,1255-u
#887549,1265-u
#ffd96a,120-u
#ffcc52,121-u
#ffc03f,122-u
#ffac2a,123-u
#d79133,124-u
#a6813d,125-u
#8e7742,126-u
#ffc915,7548-u
#ffb838,7549-u
#ce973d,7550-u
#ae8643,7551-u
#826f4b,7552-u
#70654b,7553-u
#6c6558,7554-u
#d7a95a,7555-u
#bc995d,7556-u
#a58d5f,7557-u
#9b835e,7558-u
#977f5e,7559-u
#8e7e62,7560-u
#807964,7561-u
#ffd378,134-u
#ffc267,135-u
#ffad4a,136-u
#ff9f37,137-u
#d37c32,138-u
#9d6f3c,139-u
#7f6a45,140-u
#ffd591,1345-u
#ffc87e,1355-u
#ffad5b,1365-u
#ff9940,1375-u
#cd7e3e,1385-u
#946e43,1395-u
#796648,1405-u
#f9c16e,141-u
#f8b05d,142-u
#f6a04d,143-u
#f38b3c,144-u
#c97f3a,145-u
#9d7441,146-u
#76694a,147-u
#ee9d26,7408-u
#f7ad50,7409-u
#ffa06e,7410-u
#e9a16f,7411-u
#d08c60,7412-u
#de8958,7413-u
#c07f53,7414-u
#bda078,7562-u
#daa563,7563-u
#de9858,7564-u
#c98659,7565-u
#ae7b5e,7566-u
#90705c,7567-u
#826d5e,7568-u
#d28e56,7569-u
#d18d5b,7570-u
#c3895d,7571-u
#b17f5b,7572-u
#a87b59,7573-u
#99775b,7574-u
#86715a,7575-u
#ffca9d,712-u
#ffc190,713-u
#ffb07b,714-u
#f99963,715-u
#ea8651,716-u
#d77540,717-u
#c76c3d,718-u
#ffc688,148-u
#ffb575,149-u
#ff9955,150-u
#ff883e,151-u
#e07a3f,152-u
#ac6f42,153-u
#926844,154-u
#f7c995,155-u
#f7b984,156-u
#f39662,157-u
#ee7f4b,158-u
#c97146,159-u
#9d6b47,160-u
#786249,161-u
#ffa563,1485-u
#ff9351,1495-u
#ff8038,1505-u
#bd6439,1525-u
#976241,1535-u
#7a5f48,1545-u
#ffc29e,1555-u
#ffaa81,1565-u
#ff9665,1575-u
#ff8450,1585-u
#d37046,1595-u
#a76c4c,1605-u
#93654a,1615-u
#ffbb9b,162-u
#ff9c76,163-u
#ff865f,164-u
#ff7548,165-u
#e16740,166-u
#b46547,167-u
#8a614b,168-u
#da8e6b,7576-u
#e18b63,7577-u
#db7d59,7578-u
#df7357,7579-u
#c06d59,7580-u
#916b5d,7581-u
#7a685e,7582-u
#ffa891,1625-u
#ff967e,1635-u
#ff7f61,1645-u
#ff6f4c,1655-u
#e56849,1665-u
#ab614a,1675-u
#95614d,1685-u
#ffb7ae,169-u
#ff8d7e,170-u
#ff7865,171-u
#ff674d,172-u
#ce614a,173-u
#9c5b4b,174-u
#7d594d,175-u
#ca7d5f,7583-u
#c07759,7584-u
#b67965,7585-u
#a2715d,7586-u
#996e5c,7587-u
#896e61,7588-u
#756a63,7589-u
#dbbca9,7590-u
#c68d78,7591-u
#b47260,7592-u
#a26859,7593-u
#8b645a,7594-u
#80665c,7595-u
#776760,7596-u
#d66756,7597-u
#c36d5c,7598-u
#bd695a,7599-u
#9b6a5e,7600-u
#92695c,7601-u
#8d6e61,7602-u
#7c675d,7603-u
#ead8d6,7604-u
#eac4be,7605-u
#dea09a,7606-u
#cb867f,7607-u
#ab6e67,7608-u
#926660,7609-u
#80615e,7610-u
#e7c8be,7611-u
#d4aaa0,7612-u
#c89f97,7613-u
#ae928c,7614-u
#978480,7615-u
#867474,7616-u
#756667,7617-u
#f3c4bf,7520-u
#c4a195,7521-u
#af7871,7522-u
#a97576,7523-u
#a36d6a,7524-u
#997970,7525-u
#925f52,7526-u
#f5c7b8,489-u
#f4b9a9,488-u
#f3a293,487-u
#f08d80,486-u
#e45d50,485-u
#a05b4e,484-u
#7d5b4f,483-u
#ffb1ba,176-u
#ff8c91,177-u
#ff7677,178-u
#e15f55,179-u
#bf6059,180-u
#8b5952,181-u
#ffa7b6,1765-u
#ff8b9a,1775-u
#fe6672,1785-u
#f95d62,1788-u
#da5959,1795-u
#b45858,1805-u
#8f5652,1815-u
#ffbac9,1767-u
#ff8091,1777-u
#fc6371,1787-u
#cb4f53,1797-u
#a75154,1807-u
#795453,1817-u
#d08a77,7618-u
#c87164,7619-u
#c0615b,7620-u
#ba5d5a,7621-u
#a55d5c,7622-u
#9b5c57,7623-u
#8d5a54,7624-u
#ea776c,7625-u
#d2625f,7626-u
#ad5857,7627-u
#a85959,7628-u
#805b5a,7629-u
#765957,7630-u
#6e5555,7631-u
#ebb5a5,7415-u
#ea746a,7416-u
#e76b61,7417-u
#bf6366,7418-u
#a6626b,7419-u
#a45768,7420-u
#7d4e5b,7421-u
#ffb8ca,182-u
#ff8da3,183-u
#fc6e83,184-u
#f15060,185-u
#d2515e,186-u
#ae535c,187-u
#895559,188-u
#f4c3cb,196-u
#f2a1b2,197-u
#e76b7c,198-u
#dd5061,199-u
#bd4f5c,200-u
#a15760,201-u
#90585e,202-u
#ffabc2,189-u
#fe87a3,190-u
#f87089,191-u
#ee536b,192-u
#c55265,193-u
#a35965,194-u
#885a61,195-u
#feb3cd,1895-u
#fd9cba,1905-u
#f66f92,1915-u
#e9506e,1925-u
#c94c63,1935-u
#b05468,1945-u
#975361,1955-u
#ffdde2,705-u
#ffcad4,706-u
#ffb0bf,707-u
#fe99a8,708-u
#f47c8a,709-u
#e4636f,710-u
#ce5055,711-u
#fad7da,698-u
#fcc2cc,699-u
#f8aab6,700-u
#e98f9d,701-u
#d87987,702-u
#b45a65,703-u
#a24f56,704-u
#f5b1cc,203-u
#ee82a4,204-u
#e56284,205-u
#d84465,206-u
#af4c64,207-u
#905567,208-u
#825864,209-u
#ffa2cb,210-u
#fc85b6,211-u
#f56d9e,212-u
#e95485,213-u
#d1517a,214-u
#ae5171,215-u
#8a5566,216-u
#fdd4da,7422-u
#e2758f,7423-u
#d9577d,7424-u
#bb5a73,7425-u
#b1556a,7426-u
#a5525c,7427-u
#805c67,7428-u
#ddcfd0,7632-u
#c9aaae,7633-u
#c77d92,7634-u
#cd627d,7635-u
#c3566d,7636-u
#955864,7637-u
#855660,7638-u
#f4c1e1,217-u
#ef84b9,218-u
#e45c96,219-u
#b04c75,220-u
#9e4c6e,221-u
#82566b,222-u
#a0858a,7639-u
#9b6673,7640-u
#9a5d6d,7641-u
#7e5867,7642-u
#7a5a67,7643-u
#715862,7644-u
#6c5760,7645-u
#f9a4d8,223-u
#f587c7,224-u
#ea60a7,225-u
#dc4588,226-u
#af4879,227-u
#8d4d6d,228-u
#7a5466,229-u
#feb2e0,230-u
#f984ca,231-u
#f16ab7,232-u
#c84687,233-u
#aa4c7d,234-u
#914e72,235-u
#f3d6e5,670-u
#efc3dd,671-u
#e8a7cd,672-u
#df8cba,673-u
#cd72a1,674-u
#bd618e,675-u
#a85079,676-u
#edd2e0,677-u
#e5c0d4,678-u
#daacc6,679-u
#c08ba9,680-u
#a5708d,681-u
#905d78,682-u
#805268,683-u
#eccbd9,684-u
#e4bdd0,685-u
#d5a6be,686-u
#bd8ca6,687-u
#a2738c,688-u
#8e6178,689-u
#7c5060,690-u
#f2bfcb,510-u
#eaaebe,509-u
#df9cae,508-u
#cf8fa4,507-u
#9a6372,506-u
#8a5c66,505-u
#7f5d62,504-u
#eeccd9,7429-u
#e6b5c9,7430-u
#dca2b9,7431-u
#c5819a,7432-u
#b96f89,7433-u
#a8677d,7434-u
#8c566b,7435-u
#f1d3d5,691-u
#e9c0c5,692-u
#daa5ad,693-u
#c38d96,694-u
#ac7680,695-u
#98656c,696-u
#87565b,697-u
#f9c2cc,496-u
#f1afbc,495-u
#e59aa8,494-u
#c77c89,493-u
#9d5d60,492-u
#8e595a,491-u
#775554,490-u
#f2cdcf,503-u
#e6b7bd,502-u
#d8a5ac,501-u
#bd898f,500-u
#8d615f,499-u
#805d5b,498-u
#715956,497-u
#e6c6c7,5035-u
#dcb6ba,5025-u
#caa1a6,5015-u
#b28a90,5005-u
#9f787f,4995-u
#8f6a6f,4985-u
#745654,4975-u
#f8a6de,236-u
#f28dd2,237-u
#e971c0,238-u
#db55aa,239-u
#c15598,240-u
#af548b,241-u
#8d5977,242-u
#f8bfe7,2365-u
#ea88d2,2375-u
#e06fc2,2385-u
#d557af,2395-u
#bb569d,2405-u
#ab5491,2415-u
#975381,2425-u
#f1b2e6,243-u
#eb9ade,244-u
#e07fd0,245-u
#ce57b3,246-u
#bd51a2,247-u
#a14f8c,248-u
#885779,249-u
#b08799,7646-u
#b16889,7647-u
#9e537b,7648-u
#935379,7649-u
#835573,7650-u
#7f5c78,7651-u
#73556c,7652-u
#eebae9,250-u
#e096df,251-u
#ce70cc,252-u
#b456ae,253-u
#9e549a,254-u
#83577d,255-u
#f2c8e3,517-u
#e8b6dc,516-u
#e2a5d4,515-u
#ce89c3,514-u
#9e5f98,513-u
#8a587f,512-u
#745568,511-u
#f3d5ed,7436-u
#d4b6d6,7437-u
#d79bd7,7438-u
#c09cc6,7439-u
#b796ba,7440-u
#ae7eca,7441-u
#9e62be,7442-u
#ddaee9,2562-u
#cd90de,2572-u
#bb76cf,2582-u
#aa60bf,2592-u
#9757a6,2602-u
#86578d,2612-u
#7b5b7a,2622-u
#9e95a0,7653-u
#aa8aa5,7654-u
#a978a0,7655-u
#96648d,7656-u
#7e5978,7657-u
#7c5e77,7658-u
#6e5a6b,7659-u
#dac5dc,524-u
#d0b7d5,523-u
#bc9fc6,522-u
#a98bb5,521-u
#815f87,520-u
#775d7a,519-u
#6c5969,518-u
#e0cfd6,5245-u
#d6c3cc,5235-u
#c2acb9,5225-u
#a28c9c,5215-u
#907b8a,5205-u
#816c78,5195-u
#756069,5185-u
#dac5d0,5175-u
#ccb4c4,5165-u
#b99eb2,5155-u
#a4899f,5145-u
#8c7287,5135-u
#7d6378,5125-u
#6f5564,5115-u
#e4c7eb,531-u
#dbb9e8,530-u
#cea5e1,529-u
#b889d2,528-u
#9361b0,527-u
#805791,526-u
#735775,525-u
#d4b4da,256-u
#c29bcb,257-u
#a276ae,258-u
#94679c,259-u
#8a658d,260-u
#7f6282,261-u
#755e74,262-u
#cda2d9,2563-u
#b989cb,2573-u
#a372b5,2583-u
#8e5da0,2593-u
#845991,2603-u
#7d5787,2613-u
#75557a,2623-u
#9c97a8,7660-u
#947f9d,7661-u
#84668c,7662-u
#7a5c83,7663-u
#765d84,7664-u
#725e7c,7665-u
#706977,7666-u
#c09fdb,2567-u
#a47ec6,2577-u
#936db7,2587-u
#825aa4,2597-u
#7a5896,2607-u
#735489,2617-u
#6e527c,2627-u
#dcc6ea,263-u
#bfa1e3,264-u
#9d7ad2,265-u
#8a65c4,266-u
#7f5dae,267-u
#735990,268-u
#6e587f,269-u
#c9b7e8,2635-u
#b9a3e3,2645-u
#a288d9,2655-u
#8c6fca,2665-u
#765ba7,2685-u
#6c5d80,2695-u
#adaede,270-u
#9a9bd4,271-u
#8586c6,272-u
#645d9b,273-u
#5f578b,274-u
#5d5683,275-u
#5c556f,276-u
#bab6e9,2705-u
#9f98df,2715-u
#8980d4,2725-u
#6857b2,2735-u
#61559a,2745-u
#5d538b,2755-u
#574f77,2765-u
#828ca8,7667-u
#7b81a4,7668-u
#7878a2,7669-u
#706e9a,7670-u
#6e6993,7671-u
#6b668e,7672-u
#6c6d8d,7673-u
#ddd8eb,7443-u
#bcbde2,7444-u
#aca8c7,7445-u
#9493cf,7446-u
#7f7392,7447-u
#726874,7448-u
#63515c,7449-u
#9296b8,7674-u
#888caf,7675-u
#827aa3,7676-u
#7c6d96,7677-u
#766691,7678-u
#6e628b,7679-u
#695981,7680-u
#e2d9e3,663-u
#dacfdd,664-u
#c5b8ce,665-u
#aea1bc,666-u
#9083a1,667-u
#817391,668-u
#71637f,669-u
#dbd8e1,5315-u
#c5c2d2,5305-u
#b1afc3,5295-u
#9694ac,5285-u
#7b7992,5275-u
#6d6b82,5265-u
#5d566c,5255-u
#cdd7e1,538-u
#bdcada,537-u
#a4b5cb,536-u
#8c9db8,535-u
#5b6983,534-u
#5e6578,533-u
#5b5c64,532-u
#dde4e6,7541-u
#b0c5cc,7542-u
#aeb8c0,7543-u
#9aa5af,7544-u
#78838e,7545-u
#67707a,7546-u
#51545d,7547-u
#b0d0dc,552-u
#96c0ce,551-u
#7aaabe,550-u
#6899ae,549-u
#3e5e6f,548-u
#415866,547-u
#465058,546-u
#c7d7e0,5455-u
#b4c7d3,5445-u
#9db4c4,5435-u
#7993a5,5425-u
#677f91,5415-u
#5b6f80,5405-u
#464c59,5395-u
#d3e0ea,642-u
#bfd2e4,643-u
#9db9d5,644-u
#84a3c4,645-u
#6e8db0,646-u
#5f7a9d,647-u
#4e6282,648-u
#e1e7ee,649-u
#d7e0eb,650-u
#afc3dc,651-u
#89a2c4,652-u
#6780a4,653-u
#55688b,654-u
#4e5d7f,655-u
#e2eaf2,656-u
#d6e2f2,657-u
#b8cfee,658-u
#96b6e5,659-u
#658bcc,660-u
#4967aa,661-u
#425390,662-u
#c3cbe0,7450-u
#94b3ea,7451-u
#91a0e4,7452-u
#88ade3,7453-u
#7599bb,7454-u
#6b7db9,7455-u
#8089c0,7456-u
#ccd4f1,2706-u
#a2afe9,2716-u
#717acf,2726-u
#5e60ba,2736-u
#595ca5,2746-u
#585c8c,2756-u
#575a7c,2766-u
#b2c9ef,2708-u
#6a87d8,2718-u
#5268c2,2728-u
#474da4,2738-u
#484f8c,2748-u
#484d7a,2758-u
#4a4e6d,2768-u
#c7dbf4,2707-u
#a9c8f4,2717-u
#6490e8,2727-u
#424f90,2747-u
#454f7e,2757-u
#4a4c64,2767-u
#adcff1,277-u
#8dbaee,278-u
#5b8edb,279-u
#3c4981,280-u
#3f4a75,281-u
#434967,282-u
#9bc7ee,283-u
#7ab1e8,284-u
#4982cf,285-u
#3255a4,286-u
#3c5896,287-u
#3d5588,288-u
#434f69,289-u
#9db0d0,7681-u
#8097bf,7682-u
#6982b0,7683-u
#6276a3,7684-u
#5e719d,7685-u
#556995,7686-u
#525f8d,7687-u
#aecfe6,545-u
#97c1df,544-u
#79abd2,543-u
#699cc6,542-u
#3a557c,541-u
#3f526f,540-u
#465062,539-u
#a7d4ee,290-u
#7fbeeb,291-u
#62a8e5,292-u
#235ba8,293-u
#385988,294-u
#375172,295-u
#435060,296-u
#8ac9ed,2905-u
#64b3e8,2915-u
#4097db,2925-u
#1b5faa,2935-u
#29588c,2945-u
#395775,2955-u
#3d5265,2965-u
#7eccee,297-u
#4cb4e7,298-u
#1295d8,299-u
#006eb6,300-u
#28628e,301-u
#375e77,302-u
#3f5666,303-u
#5e9aca,7688-u
#5693c1,7689-u
#4c7fa7,7690-u
#467198,7691-u
#4c6b8b,7692-u
#4d6480,7693-u
#4d6179,7694-u
#8bd5ee,2975-u
#48b8e7,2985-u
#0d9ddb,2995-u
#0078bf,3005-u
#216a95,3015-u
#37617a,3025-u
#405866,3035-u
#82a8bd,7695-u
#719baf,7696-u
#698fa4,7697-u
#637f92,7698-u
#5e7688,7699-u
#557288,7700-u
#496b80,7701-u
#bfe3ed,7457-u
#67a5bf,7458-u
#518eaa,7459-u
#008ec0,7460-u
#4492c6,7461-u
#547aa3,7462-u
#51657d,7463-u
#8edded,304-u
#53caec,305-u
#00b4e4,306-u
#0074a2,307-u
#266782,308-u
#3f5864,309-u
#ace3ef,635-u
#8ad8ed,636-u
#5ec8e5,637-u
#32b8df,638-u
#009ecc,639-u
#008aba,640-u
#0078a7,641-u
#5dabc6,7702-u
#46a0bf,7703-u
#348bac,7704-u
#3c7d9a,7705-u
#437a94,7706-u
#477388,7707-u
#456b7d,7708-u
#b4e0e6,628-u
#8dd0de,629-u
#74c4d7,630-u
#56b2cb,631-u
#3998b5,632-u
#27829e,633-u
#226e8a,634-u
#5bd0e6,310-u
#01bedb,311-u
#00afd0,312-u
#008db1,313-u
#007d99,314-u
#206779,315-u
#3e5a62,316-u
#4ccede,3105-u
#00bfd3,3115-u
#00abc2,3125-u
#008ea6,3135-u
#007788,3145-u
#1b6875,3155-u
#2f5c66,3165-u
#6eb2bd,7709-u
#40aab8,7710-u
#179dab,7711-u
#228b9d,7712-u
#2d8692,7713-u
#358189,7714-u
#417178,7715-u
#aee9e8,317-u
#6bd9de,318-u
#25c9d0,319-u
#009da5,320-u
#00838a,321-u
#167378,322-u
#2f6165,323-u
#aadbd7,7464-u
#55c7b5,7465-u
#00b4bc,7466-u
#00a8b0,7467-u
#3f7793,7468-u
#3c6e89,7469-u
#437083,7470-u
#7fe2d8,7471-u
#6bbdb9,7472-u
#5ea59a,7473-u
#458a94,7474-u
#6b8b8d,7475-u
#5a777b,7476-u
#5d7079,7477-u
#bcd5d6,5523-u
#accacd,5513-u
#94b7bc,5503-u
#769ca3,5493-u
#5f8289,5483-u
#516d75,5473-u
#3e4e56,5463-u
#499996,7716-u
#3e8e8b,7717-u
#358282,7718-u
#417b7b,7719-u
#477675,7720-u
#497375,7721-u
#4a6b6e,7722-u
#82d8d5,324-u
#40c1bb,325-u
#00aaa1,326-u
#008f85,327-u
#137d79,328-u
#2e7572,329-u
#446463,330-u
#5ddbd3,3242-u
#00cdc2,3252-u
#00baae,3262-u
#00a49a,3272-u
#008780,3282-u
#346e6a,3292-u
#41615f,3302-u
#4edcca,3245-u
#00cfbb,3255-u
#00c0aa,3265-u
#00aa93,3275-u
#009081,3285-u
#237e74,3295-u
#466964,3305-u
#6aceb9,3248-u
#48c1ac,3258-u
#28b29a,3268-u
#009c82,3278-u
#208776,3288-u
#387469,3298-u
#48615b,3308-u
#b4e1d6,566-u
#91d1c5,565-u
#88c6bc,564-u
#76b9af,563-u
#43807a,562-u
#466d69,561-u
#4b5e5b,560-u
#bbe9de,573-u
#95decf,572-u
#85d8c8,571-u
#62c2b1,570-u
#2c8f82,569-u
#458075,568-u
#4a635d,567-u
#b5d1c0,559-u
#9ac0ae,558-u
#88b29f,557-u
#719e8b,556-u
#567e6a,555-u
#577565,554-u
#5a685d,553-u
#c1d2c7,5595-u
#a2b9af,5585-u
#9db4ab,5575-u
#8aa29a,5565-u
#768e87,5555-u
#60766f,5545-u
#485956,5535-u
#bcc8bd,5665-u
#b3c0b6,5655-u
#9fafa5,5645-u
#8d9d94,5635-u
#798981,5625-u
#6a7970,5615-u
#5e695e,5605-u
#b8c7c4,5527-u
#a9bab7,5517-u
#96a9a7,5507-u
#819595,5497-u
#697c7d,5487-u
#5f7070,5477-u
#545f5f,5467-u
#cadfd4,621-u
#b3cbc1,622-u
#96b5ab,623-u
#82a198,624-u
#6c8a82,625-u
#59756f,626-u
#455d58,627-u
#93e8d3,331-u
#70e2cb,332-u
#00d2b3,333-u
#00957e,334-u
#247e6f,335-u
#3a7267,336-u
#82d5ba,337-u
#4cc1a1,338-u
#22ae8a,339-u
#009e77,340-u
#347963,341-u
#407060,342-u
#48655b,343-u
#6bac92,7723-u
#4e9b80,7724-u
#379272,7725-u
#348569,7726-u
#3e7c65,7727-u
#457865,7728-u
#486f67,7729-u
#5fe0b7,3375-u
#3ad4a7,3385-u
#00c795,3395-u
#00b27a,3405-u
#308167,3415-u
#417764,3425-u
#4b675b,3435-u
#8ed8ac,344-u
#6ecd9c,345-u
#4ebd88,346-u
#169b62,347-u
#34855b,348-u
#477258,349-u
#546758,350-u
#93e6b4,351-u
#70e0a3,352-u
#50d691,353-u
#00a95c,354-u
#19975d,355-u
#397e58,356-u
#516e5a,357-u
#a0eac5,7478-u
#29cb7e,7479-u
#00c281,7480-u
#00ba6e,7481-u
#27a770,7482-u
#587762,7483-u
#456e60,7484-u
#689c7a,7730-u
#58926b,7731-u
#498564,7732-u
#4b7c63,7733-u
#597765,7734-u
#5f7163,7735-u
#5c6b62,7736-u
#7bac66,7737-u
#65a969,7738-u
#5ca369,7739-u
#5e9865,7740-u
#659267,7741-u
#688564,7742-u
#5e745d,7743-u
#97d88a,358-u
#7dcc77,359-u
#5db860,360-u
#4daa50,361-u
#56944f,362-u
#57854e,363-u
#5b794e,364-u
#d5e4c0,7485-u
#b7e394,7486-u
#8be076,7487-u
#63d05a,7488-u
#7aab6d,7489-u
#7b9e6b,7490-u
#818c61,7491-u
#c2e692,365-u
#a8dc7d,366-u
#8fd16a,367-u
#67b346,368-u
#62a044,369-u
#698a48,370-u
#68724d,371-u
#d1f08f,372-u
#b9e972,373-u
#a6e35f,374-u
#73c92d,375-u
#70ab37,376-u
#728f41,377-u
#747b4d,378-u
#c9dcac,580-u
#bad29e,579-u
#a7c58e,578-u
#93b479,577-u
#7a9b62,576-u
#6f8456,575-u
#6a7355,574-u
#d1d3a9,5807-u
#c7ca9c,5797-u
#babe8f,5787-u
#a6a97b,5777-u
#94986c,5767-u
#81855c,5757-u
#70744e,5747-u
#d7d3a1,5875-u
#ccc895,5865-u
#bdb889,5855-u
#a7a375,5845-u
#938f66,5835-u
#8b865d,5825-u
#736f4c,5815-u
#cfd3b8,5803-u
#c5caaf,5793-u
#b5bb9f,5783-u
#9aa184,5773-u
#7e876d,5763-u
#747c61,5753-u
#636a51,5743-u
#bcca87,7492-u
#b7c194,7493-u
#9eb091,7494-u
#838e59,7495-u
#758448,7496-u
#8c8778,7497-u
#777d64,7498-u
#b9be56,7744-u
#afb35d,7745-u
#9b9f60,7746-u
#909661,7747-u
#878c62,7748-u
#808363,7749-u
#777a61,7750-u
#e7ee7b,379-u
#d4e458,380-u
#bad739,381-u
#99c221,382-u
#8e9a36,383-u
#868b3c,384-u
#7e7b4b,385-u
#eff178,386-u
#e3ed55,387-u
#d5e739,388-u
#bddc04,389-u
#97a926,390-u
#888a3b,391-u
#7e7d41,392-u
#eaec97,587-u
#e7e988,586-u
#e3e685,585-u
#ced665,584-u
#a6b340,583-u
#919145,582-u
#78754a,581-u
#f8f283,393-u
#f2ee56,394-u
#edec3f,395-u
#dbe200,396-u
#a8aa31,397-u
#959539,398-u
#8a8537,399-u
#fcf389,3935-u
#fcf05f,3945-u
#faeb37,3955-u
#f8e815,3965-u
#b6a72d,3975-u
#9c903f,3985-u
#837b4a,3995-u
#f9f29d,600-u
#f7ef8f,601-u
#f7ee83,602-u
#f3e564,603-u
#eddc4d,604-u
#e0cc39,605-u
#ceb829,606-u
#f3eaa1,607-u
#f0e691,608-u
#ebe081,609-u
#e0d268,610-u
#c8b94e,611-u
#b7a73f,612-u
#a29438,613-u
#eee29f,461-u
#e8d98b,460-u
#ddcb77,459-u
#ceb964,458-u
#ad9844,457-u
#908145,456-u
#776f48,455-u
#e1d9a1,614-u
#d8d096,615-u
#cdc588,616-u
#bbb275,617-u
#a69d62,618-u
#968d54,619-u
#877f49,620-u
#d1bd71,7751-u
#d5b961,7752-u
#c6aa5d,7753-u
#a4915e,7754-u
#90855f,7755-u
#837d62,7756-u
#7a755f,7757-u
#dac958,7758-u
#c8b852,7759-u
#968f5e,7760-u
#828162,7761-u
#747a63,7762-u
#717463,7763-u
#6c6e60,7764-u
#c0ba5e,7765-u
#bbb35f,7766-u
#b1a763,7767-u
#958b62,7768-u
#81775f,7769-u
#777161,7770-u
#67655a,7771-u
#d6cca6,4545-u
#cabe96,4535-u
#c1b58c,4525-u
#b1a57e,4515-u
#a39771,4505-u
#90845f,4495-u
#7b6f4b,4485-u
#cac8ac,454-u
#bcb999,453-u
#a8a687,452-u
#929172,451-u
#7e785a,450-u
#716b54,449-u
#66614e,448-u
#faedbc,7499-u
#e6d5ab,7500-u
#decba5,7501-u
#c7af87,7502-u
#9d9272,7503-u
#948272,7504-u
#887566,7505-u
#e0ceaa,468-u
#d2ba92,467-u
#c1a67f,466-u
#b0946f,465-u
#9b7c56,464-u
#856f51,463-u
#70624d,462-u
#f9e1b7,7506-u
#ffddaa,7507-u
#e0b384,7508-u
#d2a273,7509-u
#be8b60,7510-u
#a77750,7511-u
#966b47,7512-u
#f2c6a2,719-u
#ecba93,720-u
#dfa880,721-u
#ca916c,722-u
#b9825f,723-u
#a57350,724-u
#946747,725-u
#faccad,475-u
#f6bd9d,474-u
#eeab88,473-u
#db9271,472-u
#be7b54,471-u
#a37052,470-u
#7b604b,469-u
#e8c6a9,726-u
#dcb596,727-u
#caa182,728-u
#bb9275,729-u
#a57e62,730-u
#957156,731-u
#88674d,732-u
#e6cab4,4685-u
#dab9a1,4675-u
#caa58e,4665-u
#b28e7b,4655-u
#a07d6b,4645-u
#92715e,4635-u
#715845,4625-u
#e7bbb4,7513-u
#daab9c,7514-u
#c2907f,7515-u
#a07462,7516-u
#936957,7517-u
#817172,7518-u
#756b66,7519-u
#dcc6bb,4755-u
#ceb4a9,4745-u
#bda195,4735-u
#ae9188,4725-u
#997d73,4715-u
#8b6f66,4705-u
#775c50,4695-u
#dfc8b7,482-u
#d3b7a7,481-u
#c3a492,480-u
#ac8c7e,479-u
#8e6e5c,478-u
#7d6556,477-u
#6e5e52,476-u
#dcd7d2,7527-u
#d2c7c4,7528-u
#bbafa9,7529-u
#a99c95,7530-u
#8b7f79,7531-u
#786e66,7532-u
#6e645c,7533-u
#d0cbc3,7534-u
#c0bab0,7535-u
#afa89d,7536-u
#b4b8b6,7537-u
#a5aaa8,7538-u
#9c9ea0,7539-u
#70747c,7540-u
#c2c7ca,427-u
#acb3b8,428-u
#91999f,429-u
#808991,430-u
#737b82,431-u
#676c73,432-u
#5b5d62,433-u
#bdbebd,420-u
#b3b5b5,421-u
#9ea1a2,422-u
#909496,423-u
#88898a,424-u
#7c7e7f,425-u
#686869,426-u
#b9c2c1,441-u
#acb6b6,442-u
#8f9a9b,443-u
#7e8689,444-u
#6b7173,445-u
#636968,446-u
#5f625f,447-u
#bcbdb4,413-u
#abaca5,414-u
#9d9f99,415-u
#91928c,416-u
#82847f,417-u
#7a7b75,418-u
#595955,419-u
#c7c1ba,400-u
#b4aea7,401-u
#a39e98,402-u
#928d88,403-u
#8b8681,404-u
#77726d,405-u
#c7beba,406-u
#aba2a0,407-u
#9d9594,408-u
#948b8a,409-u
#8a8280,410-u
#7a726f,411-u
#645c59,412-u
#d6cacb,434-u
#b7a9ad,435-u
#a99b9f,436-u
#8d7f83,437-u
#817275,438-u
#736869,439-u
#69615f,440-u
#dbd5cd,warm-gray-1-u
#cfc7c0,warm-gray-2-u
#beb6af,warm-gray-3-u
#b4aca6,warm-gray-4-u
#a9a19c,warm-gray-5-u
#a29b96,warm-gray-6-u
#968f8b,warm-gray-7-u
#8f8884,warm-gray-8-u
#867f7c,warm-gray-9-u
#827c78,warm-gray-10-u
#7d7773,warm-gray-11-u
#dad9d6,cool-gray-1-u
#cacac8,cool-gray-2-u
#c5c5c5,cool-gray-3-u
#b7b8b9,cool-gray-4-u
#adaeb0,cool-gray-5-u
#a4a6a8,cool-gray-6-u
#9b9ea0,cool-gray-7-u
#939598,cool-gray-8-u
#898b8e,cool-gray-9-u
#818387,cool-gray-10-u
#7a7d81,cool-gray-11-u
#646052,black-2-u
#595d59,black-3-u
#696056,black-4-u
#685a5c,black-5-u
#4c4e56,black-6-u
#6c6864,black-7-u
